name	total	minutes_nonzero	max_per_min	avg_nonzero_min
CASRefQueueWaitMicroseconds	2003357727779	598277	133287269	3348545
CASRequestAttempt	72512334	659870	2804	110
CASPartFolderViewHits	35056904	376034	32140	93
CASGCReadAheadHit	25120325	185188	664	136
CASManifestGet	23393283	600660	621	39
CASRefSnapshotPutBytes	19877167	13318	4363	1493
CASRefEmittedEdges	15388673	175327	406	88
CASRefManifestBodyFoldGets	15388671	175268	406	88
CASConditionalWriteAttempts	14791894	617128	531	24
CASConditionalWriteCommitted	14784276	617532	530	24
CASRootGet	11087879	615865	2653	18
CASRefBatchedMutations	10680767	598275	641	18
CASPartFolderViewInvalidations	8010307	611052	513	13
CASManifestDelete	7368969	6933	2001	1063
CASRefLogBodyGets	6835875	175328	84	39
CASBlobGet	5555071	139906	307	40
CASOtherGet	4836132	620756	392	8
CASBlobHead	4573846	127530	357	36
CASGCMetaOps	4568397	124739	304	37
CASBlobDelete	4378018	100005	54	44
CASPartFolderViewMisses	4013019	382962	260	10
CASManifestPut	4005152	569055	227	7
CASPartFolderManifestGets	3999379	393441	226	10
CASRefMaterializeInPlace	3898685	598303	93	7
CASRefCheckpointPublished	3478915	598342	58	6
CASRootPut	3478915	598423	57	6
CASRootOverwrite	3478914	598342	58	6
CASRefSnapshotTailLogs	3465347	13314	516	260
CASRefBatchFlushes	3465285	598275	58	6
CASBlobPut	2730948	555434	506	5
CASRootDelete	2665004	5256	2000	507
CASRefCleanupObjectsDeleted	2665000	5252	2000	507
CASMetaCompareSwap	2379730	25360	307	94
CASBlobOverwrite	2379727	25329	304	94
CASGCRetiredCondemned	2379234	24978	304	95
CASGCRetiredGraduated	2295548	378	200000	6073
CASGCRetiredRedeleted	2189022	99982	27	22
CASMetaDelete	2189009	99974	27	22
CASBlobAdoptTrusted	1487774	91147	31362	16
CASBlobUploadFanoutTasks	1371569	549972	258	2
CASMetaPut	1367170	551460	255	2
CASBlobHeadMiss	1367075	549836	251	2
CASMetaCreateClean	1367075	551455	255	2
CASRefRepoint	1335229	92182	130	14
CASBlobUploadFanoutBatches	1334695	549941	21	2
CASRootList	1116403	323876	2368	3
CASGCEnumerationPages	691788	227238	6	3
CASRefGlobalListPages	691033	226483	6	3
CASGCReadAheadWasted	125858	518	10112	243
CASGCReadAheadMiss	90491	17715	83	5
CASGCOverwrite	76921	75486	12	1
CASMountRenewalAttempts	66562	66531	9	1
CASGCGet	24598	16243	13	2
CASRefSnapshotPublishDispatched	13596	13370	3	1
CASBulkDeleteRequests	13067	12183	3	1
CASConditionalWriteUnresolved	7616	6178	18	1
CASRequestResolveRead	7613	6175	18	1
CASBlobBodyPutAvoided	4137	3241	22	1
CASBlobPutDeduplicated	3654	3650	2	1
CASRequestReissue	3343	2041	107	2
CASRequestConflictPause	2735	1852	8	1
CASRootCompareSwapConflict	2735	1850	7	1
CASGCDelete	1131	403	3	3
CASGCPut	1131	766	2	1
CASRequestFirstAttemptFuse	1042	1032	2	1
CASGCList	779	772	2	1
CASGCRefWalkPlansBuilt	380	380	1	1
CASGCGetStream	378	378	1	1
CASManifestList	378	378	1	1
CASMetaResurrectClean	357	345	3	1
CASGCRetiredSpared	219	125	8	2
CASRefRecoveryEpochSealed	145	46	36	3
CASGCRetireReplaced	144	55	25	3
CASRefCheckpointIdenticalSkip	116	45	18	3
CASRefSnapshotPublishBackoff	113	109	2	1
CASMetaAdoptBackfill	95	95	1	1
CASGCRetiredSparedByReref	23	22	2	1
CASRootHead	12	4	3	3
CASGCCondemnMarkerUnconfirmedCarry	10	10	1	1
CASRootHeadMiss	8	4	2	2
CASRequestConnectFailureHint	3	3	1	1
CASMountRenewalRetries	3	2	2	2
CASMountRenewalRecovered	2	2	1	1
CASRefStalePrecommitsReclaimed	1	1	1	1
CASRefAppendPreAttemptRefused	0	0	0	0
CASRefAppendOccupantUnreadable	0	0	0	0
CASGCDeadPrecommitSkipped	0	0	0	0
CASManifestCompareSwap	0	0	0	0
CASManifestCompareSwapConflict	0	0	0	0
CASGCHeadMiss	0	0	0	0
CASServerGet	0	0	0	0
CASRemountAttempts	0	0	0	0
CASHotKeyCacheStarts	0	0	0	0
CASGCCompareSwap	0	0	0	0
CASServerOverwrite	0	0	0	0
CASMountExclusivityViolation	0	0	0	0
CASRemountHeldTransient	0	0	0	0
CASRefRollbackBestEffortDropFailed	0	0	0	0
CASManifestHead	0	0	0	0
CASGCHead	0	0	0	0
CASOtherOverwrite	0	0	0	0
CASGCUnappliedFoldedTransactions	0	0	0	0
CASGCRebuildVirginByEnumeration	0	0	0	0
CASConditionalWriteFenceLostPostWrite	0	0	0	0
CASRequestRefused	0	0	0	0
CASMountRenewalDeadlineExceeded	0	0	0	0
CASMountReleaseSkippedForeignOccupant	0	0	0	0
CASDataRootVanished	0	0	0	0
CASServerDelete	0	0	0	0
CASOtherPutDeduplicated	0	0	0	0
CASOtherDelete	0	0	0	0
CASRefTableEvictions	0	0	0	0
CASManifestPutDeduplicated	0	0	0	0
CASRootCompareSwap	0	0	0	0
CASServerList	0	0	0	0
CASOtherPut	0	0	0	0
CASGCMetaWriteAnomaly	0	0	0	0
CASGCNamespaceCleanupLeaks	0	0	0	0
CASRequestGaveUp	0	0	0	0
CASHotKeyQueueWaitMicroseconds	0	0	0	0
CASRelinkConfirmRefusedRefMutationInFlight	0	0	0	0
CASBlobGetStream	0	0	0	0
CASServerCompareSwap	0	0	0	0
CASOtherHead	0	0	0	0
CASOtherGetStream	0	0	0	0
CASPartFolderViewValidationMismatches	0	0	0	0
CASRemountFailed	0	0	0	0
CASRefAppendDefiniteFailure	0	0	0	0
CASRelinkConfirmRefusedLaneBroken	0	0	0	0
CASGCClampSuppressedPasses	0	0	0	0
CASRootGetStream	0	0	0	0
CASServerPutDeduplicated	0	0	0	0
CASOtherHeadMiss	0	0	0	0
CASGCUnmatchedRemoveDeltas	0	0	0	0
CASRefBatchScopeCuts	0	0	0	0
CASRefSweepRearmed	0	0	0	0
CASGCCompareSwapConflict	0	0	0	0
CASRefRecoveryStragglerAdopted	0	0	0	0
CASRefRecoveryCancelled	0	0	0	0
CASBlobCompareSwap	0	0	0	0
CASHotKeyReadStarts	0	0	0	0
CASRefAppendWedged	0	0	0	0
CASBlobList	0	0	0	0
CASManifestOverwrite	0	0	0	0
CASRemountSucceeded	0	0	0	0
CASRefRecoveryEpochSealAdopted	0	0	0	0
CASRefRecoveryStreamHole	0	0	0	0
CASRefMaterializeCopy	0	0	0	0
CASGCPutDeduplicated	0	0	0	0
CASServerHeadMiss	0	0	0	0
CASRefAppendSealRejected	0	0	0	0
CASRootPutDeduplicated	0	0	0	0
CASServerCompareSwapConflict	0	0	0	0
CASMountLeaseLost	0	0	0	0
CASRefRecoveryRestarts	0	0	0	0
CASRefNeedsRecovery	0	0	0	0
CASRefCheckpointNotAdvanced	0	0	0	0
CASManifestGetStream	0	0	0	0
CASServerPut	0	0	0	0
CASServerGetStream	0	0	0	0
CASOtherCompareSwap	0	0	0	0
CASGCHeartbeatFenceOuts	0	0	0	0
CASEventDroppedContextExpired	0	0	0	0
CASPartFolderViewOversizedBypasses	0	0	0	0
CASRequestFenceLostPostWrite	0	0	0	0
CASMountRenewalResolved	0	0	0	0
CASIdentityLost	0	0	0	0
CASRefRecoveryRetries	0	0	0	0
CASRelinkConfirmRefusedMountCannotSpeak	0	0	0	0
CASServerHead	0	0	0	0
CASGCUnmatchedAdoptedParentLives	0	0	0	0
CASGCStuckRemovals	0	0	0	0
CASBlobCompareSwapConflict	0	0	0	0
CASRelinkConfirmRefusedStateLockBusy	0	0	0	0
CASRefSweepDeferred	0	0	0	0
CASManifestHeadMiss	0	0	0	0
CASOtherCompareSwapConflict	0	0	0	0
CASOtherList	0	0	0	0
CASDetachedWorkDrainTimeouts	0	0	0	0
CASConditionalWriteDefiniteFailure	0	0	0	0
CASRefAppendUnwedged	0	0	0	0
CASRelinkConfirmRefusedLaneWedged	0	0	0	0
CASHotKeyCacheVerdictsReread	0	0	0	0
